species,leaf.sp,temperature,shredding.days,fpom,amp.weight,dead.day
DH,Oak,8,9,-1.285,64.4,10
DH,Sycamore,20,14,13.715,52.5,15
DH,Sycamore,8,14,6.715,80.5,15
DH,Oak,20,14,2.715,42.6,15
DH,Alder,20,14,33.715,69.6,15
DH,Sycamore,8,14,7.715,60.3,15
DH,Alder,20,14,22.715,33.9,15
DH,Alder,20,14,32.715,41.6,15
DH,Alder,20,14,32.715,61.3,15
DH,Alder,20,14,26.715,80.8,15
DH,Alder,8,9,0.715,41.9,10
DH,Alder,8,14,9.715,38.8,15
DH,Sycamore,20,14,12.715,64,15
DH,Alder,8,14,9.715,54.5,15
DH,Oak,20,14,1.715,53.8,15
DH,Oak,20,1,-0.285,55.2,2
DH,Alder,8,6,1.715,58.3,7
DH,Oak,8,14,-2.285,93.5,15
DH,Oak,20,11,-4.285,45,12
DH,Alder,8,14,5.715,52,15
DH,Sycamore,20,1,-0.285,62.1,2
DH,Oak,8,14,1.715,71.7,15
DH,Oak,8,14,-1.285,34.3,15
DH,Sycamore,20,14,13.715,45.8,15
DH,Oak,8,14,4.715,41,15
DH,Sycamore,20,14,13.715,38,15
DH,Oak,8,14,-2.285,51,15
DH,Oak,20,13,2.715,82,14
DH,Oak,8,4,1.715,61.7,5
DH,Alder,8,7,-1.285,26.1,8
DH,Oak,20,11,-0.285,77.3,12
DH,Oak,20,6,0.715,86.2,7
DH,Alder,8,14,4.715,47.1,15
DH,Alder,8,5,4.715,61.7,6
DH,Oak,20,11,-0.285,38.5,12
DH,Alder,8,14,4.715,46.2,15
DH,Alder,20,14,16.715,41.5,15
DH,Oak,8,14,0.715,69.6,15
DH,Alder,8,14,18.715,62.1,15
DH,Alder,20,14,32.715,74.4,15
DH,Oak,20,14,4.715,71.7,15
DH,Alder,20,14,31.715,46.8,15
DH,Oak,20,4,2.715,43.7,5
DH,Alder,20,12,16.715,63.7,13
DH,Sycamore,20,5,-4.285,43.4,6
DH,Alder,20,14,27.715,60.3,15
DH,Sycamore,20,14,11.715,50.1,15
DH,Oak,8,14,-0.285,66.8,15
DH,Sycamore,20,14,13.715,69.9,15
DH,Alder,8,14,-3.285,28.2,15
DH,Alder,8,14,2.715,90.6,15
DH,Sycamore,20,14,18.715,62,15
DH,Alder,8,14,3.715,66.6,15
DH,Oak,8,14,1.715,55.9,15
DH,Sycamore,20,14,13.715,56.4,15
DH,Alder,8,14,-2.285,27.7,15
DH,Alder,20,14,25.715,57.6,15
DH,Sycamore,8,14,0.715,78.6,15
DH,Alder,20,14,31.715,56.9,15
DH,Alder,8,14,2.715,65.9,15
DH,Alder,20,2,2.715,50.5,3
DH,Alder,8,14,-4.285,46.1,15
DH,Alder,20,14,30.715,60.4,15
DH,Oak,8,14,-1.285,79,15
DH,Alder,20,14,21.715,70,15
DH,Alder,20,4,3.715,39.4,5
DH,Alder,20,14,30.715,59.4,15
DH,Alder,8,14,0.715,64.4,15
DH,Alder,20,14,36.715,64.6,15
DH,Oak,8,14,0.715,64.7,15
DH,Oak,8,14,-1.285,66.6,15
DH,Oak,8,8,-0.285,53.5,9
DH,Alder,20,1,2.715,42.3,2
DH,Sycamore,8,14,1.715,70.5,15
DH,Sycamore,20,14,19.715,64.2,15
DH,Sycamore,8,14,2.715,47.7,15
DH,Oak,20,6,2.715,50.4,7
DH,Sycamore,8,14,8.715,70.2,15
DH,Sycamore,8,14,1.715,42.5,15
DH,Oak,20,14,-0.285,60.8,15
DH,Sycamore,20,14,16.715,81.5,15
DH,Sycamore,8,14,2.715,51.6,15
DH,Sycamore,20,14,11.715,71.3,15
DH,Alder,8,14,1.715,50.2,15
DH,Oak,20,1,1.715,46.8,2
DH,Alder,8,14,0.715,58.2,15
DH,Oak,20,14,-1.285,64,15
DH,Alder,8,14,-3.285,45.1,15
DH,Oak,20,1,2.715,51.4,2
DH,Sycamore,8,14,2.715,51.5,15
DH,Sycamore,20,14,13.715,42.9,15
DH,Oak,20,4,2.715,42,5
DH,Oak,8,14,1.715,55,15
DH,Oak,20,0,0.715,120,1
DH,Oak,8,14,1.715,33.4,15
DH,Oak,20,5,4.715,33.4,6
DH,Oak,8,14,1.715,68.5,15
DH,Oak,20,5,2.715,61.1,6
DH,Oak,8,14,-2.285,106.4,15
DH,Oak,8,14,0.715,48.1,15
DH,Sycamore,8,14,6.715,52.5,15
DH,Sycamore,8,14,6.715,36.1,15
DH,Sycamore,8,4,1.715,54.6,5
DH,Sycamore,8,14,-3.285,46.7,15
DH,Sycamore,8,14,6.715,55.3,15
DH,Sycamore,8,14,0.715,24.2,15
DH,Sycamore,8,14,12.715,68.7,15
DH,Sycamore,20,14,12.715,62.3,15
DH,Sycamore,8,14,6.715,35.4,15
DH,Sycamore,8,14,8.715,59.1,15
DH,Sycamore,8,14,6.715,54.2,15
DH,Oak,20,14,2.715,76.1,15
DH,Sycamore,8,14,7.715,63.7,15
DV,Oak,20,4,4.715,95.9,5
DV,Sycamore,8,14,10.715,52.5,15
DV,Oak,20,14,12.715,130.6,15
DV,Oak,8,14,4.715,114.1,15
DV,Alder,20,14,30.715,79.9,15
DV,Oak,8,14,1.715,84.1,15
DV,Alder,20,14,25.715,118.8,15
DV,Alder,20,1,2.715,77.1,2
DV,Oak,8,14,-0.285,76.1,15
DV,Oak,8,14,-2.285,116.7,15
DV,Oak,8,2,1.715,84.5,3
DV,Alder,20,14,29.715,126.1,15
DV,Oak,8,14,1.715,104.2,15
DV,Sycamore,20,14,11.715,82.1,15
DV,Oak,8,8,-2.285,62.3,9
DV,Sycamore,20,14,14.715,86,15
DV,Oak,8,14,0.715,58,15
DV,Sycamore,20,14,7.715,83.4,15
DV,Oak,8,14,6.715,102.8,15
DV,Sycamore,20,14,11.715,72.5,15
DV,Sycamore,8,14,11.715,117.7,15
DV,Oak,20,3,1.715,106.1,4
DV,Oak,8,5,2.715,55.5,6
DV,Sycamore,20,14,7.715,84.6,15
DV,Alder,8,2,2.715,108.7,3
DV,Alder,8,14,8.715,146.3,15
DV,Alder,8,14,2.715,89.8,15
DV,Alder,8,14,6.715,98.8,15
DV,Alder,8,14,26.715,126,15
DV,Alder,20,14,40.715,134,15
DV,Alder,8,14,27.715,113.5,15
DV,Alder,20,2,-3.285,118.8,3
DV,Alder,8,14,4.715,73.4,15
DV,Alder,8,14,4.715,66.3,15
DV,Alder,20,14,33.715,85.3,15
DV,Alder,8,14,23.715,88.1,15
DV,Alder,20,14,29.715,64.8,15
DV,Sycamore,8,14,11.715,109.9,15
DV,Oak,20,6,-0.285,116.1,7
DV,Alder,8,14,7.715,91.5,15
DV,Alder,20,14,20.715,145.3,15
DV,Sycamore,20,14,12.715,106.2,15
DV,Sycamore,20,14,20.715,101.9,15
DV,Sycamore,20,14,17.715,103.4,15
DV,Sycamore,20,14,10.715,109.8,15
DV,Sycamore,20,14,17.715,109.1,15
DV,Sycamore,20,14,17.715,89.6,15
DV,Sycamore,20,1,0.715,83.2,2
DV,Oak,20,14,4.715,133.9,15
DV,Oak,20,1,1.715,159.9,2
DV,Alder,8,14,6.715,127.5,15
DV,Oak,20,5,1.715,81.6,6
DV,Alder,8,14,10.715,94.9,15
DV,Oak,8,14,6.715,120.4,15
DV,Oak,20,9,1.715,96.7,10
DV,Sycamore,8,14,6.715,79.3,15
DV,Oak,20,14,3.715,98,15
DV,Alder,8,14,2.715,71,15
DV,Oak,20,14,8.715,135.6,15
DV,Alder,8,14,10.715,117.8,15
DV,Sycamore,20,14,14.715,88.1,15
DV,Alder,8,14,-1.285,90.9,15
DV,Sycamore,20,2,2.715,89.9,3
DV,Alder,8,14,1.715,75.9,15
DV,Sycamore,20,14,15.715,75.9,15
DV,Alder,8,14,16.715,110.2,15
DV,Alder,20,14,38.715,95.4,15
DV,Oak,8,14,1.715,149.6,15
DV,Sycamore,20,14,19.715,106.8,15
DV,Oak,8,14,2.715,78.3,15
DV,Oak,8,14,1.715,97.6,15
DV,Sycamore,20,14,13.715,44.5,15
DV,Alder,20,9,5.715,73,10
DV,Oak,8,14,3.715,94.6,15
DV,Sycamore,8,14,3.715,122.7,15
DV,Oak,20,14,3.715,81.2,15
DV,Alder,8,14,3.715,80.9,15
DV,Alder,20,0,0.715,57.6,1
DV,Alder,20,0,2.715,74.4,1
DV,Sycamore,8,14,9.715,121.9,15
DV,Alder,20,2,1.715,59.6,3
DV,Sycamore,8,14,8.715,93,15
DV,Alder,20,0,-0.285,65.2,1
DV,Alder,20,14,8.715,77.7,15
DV,Sycamore,8,14,0.715,75.6,15
DV,Alder,20,14,33.715,135.5,15
DV,Alder,20,14,42.715,65.3,15
DV,Oak,8,14,2.715,78.4,15
DV,Alder,20,14,41.715,117,15
DV,Oak,8,14,3.715,64.3,15
DV,Oak,8,14,2.715,40.9,15
DV,Sycamore,20,14,15.715,79.7,15
DV,Oak,20,3,0.715,71.2,4
DV,Oak,8,14,-0.285,130.5,15
DV,Oak,20,1,-4.285,91.9,2
DV,Sycamore,8,3,4.715,62.6,4
DV,Sycamore,20,2,2.715,110.6,3
DV,Oak,8,14,2.715,118.2,15
DV,Sycamore,20,3,3.715,77.3,4
DV,Sycamore,8,14,5.715,89.9,15
DV,Sycamore,8,14,-1.285,106.7,15
DV,Oak,20,14,7.715,104.9,15
DV,Sycamore,8,1,-1.285,161.8,2
DV,Sycamore,20,14,16.715,52.5,15
DV,Sycamore,8,12,3.715,133.1,13
DV,Sycamore,8,14,-1.285,127.9,15
DV,Oak,20,14,4.715,98.3,15
DV,Sycamore,8,14,3.715,90.2,15
DV,Sycamore,8,14,11.715,86.5,15
DV,Sycamore,8,14,6.715,64.8,15
DV,Oak,20,13,1.715,92.7,14
DV,Sycamore,8,14,7.715,48.6,15
DV,Oak,20,2,-2.285,77.7,3
DV,Sycamore,8,14,12.715,47.3,15
DV,Oak,20,14,4.715,89.3,15
GP,Alder,20,14,12.715,72.7,15
GP,Alder,8,14,23.715,42.8,15
GP,Alder,20,14,23.715,50.4,15
GP,Alder,8,14,28.715,58.8,15
GP,Alder,8,14,20.715,59,15
GP,Alder,8,14,21.715,39.3,15
GP,Alder,8,14,21.715,44.3,15
GP,Sycamore,20,14,13.715,47.7,15
GP,Oak,8,14,3.715,27.8,15
GP,Oak,8,14,4.715,53.4,15
GP,Oak,8,14,3.715,56.7,15
GP,Oak,20,14,3.715,37.7,15
GP,Oak,8,14,3.715,49,15
GP,Alder,20,14,28.715,48.7,15
GP,Alder,20,14,26.715,63.8,15
GP,Oak,8,14,5.715,59.9,15
GP,Alder,8,14,30.715,44.7,15
GP,Sycamore,20,14,7.715,47.4,15
GP,Sycamore,20,14,6.715,48.3,15
GP,Alder,8,5,2.715,43,6
GP,Oak,20,14,6.715,43.9,15
GP,Oak,8,14,4.715,50.9,15
GP,Oak,20,14,2.715,54.5,15
GP,Oak,8,14,2.715,74.1,15
GP,Oak,20,14,8.715,56,15
GP,Oak,20,2,-0.285,35.2,3
GP,Oak,8,14,4.715,32.4,15
GP,Oak,20,14,3.715,47.3,15
GP,Oak,8,14,4.715,35.6,15
GP,Oak,8,14,4.715,43.5,15
GP,Sycamore,20,14,13.715,71.2,15
GP,Sycamore,20,14,13.715,55,15
GP,Alder,20,14,23.715,31.5,15
GP,Oak,20,5,1.715,38.1,6
GP,Sycamore,20,3,1.715,43.6,4
GP,Sycamore,20,1,0.715,42.2,2
GP,Sycamore,20,14,7.715,37.7,15
GP,Oak,20,12,0.715,45,13
GP,Sycamore,20,14,21.715,33.5,15
GP,Sycamore,8,14,3.715,58.3,15
GP,Alder,20,14,27.715,42.5,15
GP,Alder,20,14,28.715,44.9,15
GP,Sycamore,8,14,4.715,41.5,15
GP,Alder,20,14,27.715,65.7,15
GP,Oak,8,14,-0.285,46,15
GP,Alder,20,0,4.715,52.6,1
GP,Oak,8,14,0.715,63.8,15
GP,Alder,20,14,20.715,45.8,15
GP,Alder,20,5,3.715,42.5,6
GP,Sycamore,8,14,2.715,36.4,15
GP,Sycamore,8,14,4.715,37.7,15
GP,Oak,20,1,4.715,66.1,2
GP,Oak,20,4,4.715,44.7,5
GP,Sycamore,8,14,0.715,52.5,15
GP,Oak,8,14,2.715,31.5,15
GP,Oak,20,0,3.715,68.2,1
GP,Sycamore,8,14,8.715,51,15
GP,Oak,20,1,2.715,36.7,2
GP,Sycamore,8,14,6.715,38.6,15
GP,Oak,8,14,5.715,47.9,15
GP,Sycamore,8,14,5.715,45.7,15
GP,Oak,20,0,-1.285,58.5,1
GP,Sycamore,8,14,4.715,68.3,15
GP,Sycamore,8,14,5.715,60.7,15
GP,Oak,20,14,7.715,50.6,15
GP,Alder,20,14,28.715,70.4,15
GP,Oak,20,14,5.715,66.4,15
GP,Oak,8,2,0.715,74.7,3
GP,Sycamore,20,14,15.715,77,15
GP,Alder,8,14,11.715,45.7,15
GP,Sycamore,20,14,9.715,25,15
GP,Alder,8,14,8.715,43.9,15
GP,Alder,8,14,15.715,37.6,15
GP,Sycamore,20,14,9.715,34.5,15
GP,Alder,8,14,17.715,36.2,15
GP,Sycamore,20,0,0.715,30.1,1
GP,Alder,20,0,2.715,64.7,1
GP,Alder,20,0,0.715,44.6,1
GP,Alder,8,14,7.715,40.1,15
GP,Alder,20,0,5.715,44.1,1
GP,Alder,8,14,8.715,27.4,15
GP,Alder,20,0,-0.285,41.1,1
GP,Alder,8,14,4.715,39.9,15
GP,Alder,20,14,26.715,44.5,15
GP,Alder,20,14,26.715,76.4,15
GP,Alder,8,14,15.715,57.3,15
GP,Sycamore,20,14,14.715,63.3,15
GP,Oak,8,14,2.715,46.7,15
GP,Oak,8,14,2.715,47.7,15
GP,Oak,20,0,0.715,58,1
GP,Oak,20,0,2.715,34.2,1
GP,Oak,8,14,4.715,55.6,15
GP,Oak,8,2,2.715,55.9,3
GP,Oak,20,7,1.715,49.8,8
GP,Oak,8,14,5.715,83.3,15
GP,Sycamore,8,14,11.715,51,15
GP,Sycamore,8,14,10.715,56.8,15
GP,Sycamore,8,14,17.715,58.5,15
GP,Alder,20,14,26.715,35.8,15
GP,Sycamore,8,14,14.715,59.5,15
GP,Alder,20,14,34.715,49.7,15
GP,Sycamore,20,5,23.715,NA,6
GP,Sycamore,20,14,13.715,NA,15
GP,Sycamore,20,14,10.715,NA,15
GP,Sycamore,20,14,4.715,NA,15
DH,Sycamore,20,2,-2.285,27.1,3
DV,Alder,8,2,-1.285,43.1,3
DV,Alder,8,5,-2.285,99.1,6
GP,Alder,8,14,21.715,67.4,15
GP,Sycamore,20,14,12.715,NA,15
C,Alder,8,14,-3.285,NA,15
C,Alder,8,14,-2.285,NA,15
C,Alder,8,14,-1.285,NA,15
C,Alder,8,14,-4.285,NA,15
C,Alder,8,14,2.715,NA,15
C,Alder,8,14,-2.285,NA,15
C,Alder,8,14,-2.285,NA,15
C,Alder,8,14,-1.285,NA,15
C,Alder,8,14,-1.285,NA,15
C,Alder,8,14,-3.285,NA,15
C,Alder,20,14,2.715,NA,15
C,Alder,20,14,2.715,NA,15
C,Alder,20,14,-3.285,NA,15
C,Alder,20,14,-0.285,NA,15
C,Alder,20,14,-1.285,NA,15
C,Alder,20,14,-0.285,NA,15
C,Alder,20,14,-0.285,NA,15
C,Alder,20,14,1.715,NA,15
C,Alder,20,14,1.715,NA,15
C,Alder,20,14,0.715,NA,15
C,Sycamore,8,14,-0.285,NA,15
C,Sycamore,8,14,-0.285,NA,15
C,Sycamore,8,14,-3.285,NA,15
C,Sycamore,8,14,0.715,NA,15
C,Sycamore,8,14,-2.285,NA,15
C,Sycamore,8,14,-0.285,NA,15
C,Sycamore,8,14,0.715,NA,15
C,Sycamore,8,14,2.715,NA,15
C,Sycamore,8,14,-1.285,NA,15
C,Sycamore,8,14,-1.285,NA,15
C,Sycamore,20,14,-0.285,NA,15
C,Sycamore,20,14,-2.285,NA,15
C,Sycamore,20,14,-3.285,NA,15
C,Sycamore,20,14,1.715,NA,15
C,Sycamore,20,14,-1.285,NA,15
C,Sycamore,20,14,-1.285,NA,15
C,Sycamore,20,14,-0.285,NA,15
C,Sycamore,20,14,-0.285,NA,15
C,Sycamore,20,14,-1.285,NA,15
C,Sycamore,20,14,-3.285,NA,15
C,Oak,8,14,-3.285,NA,15
C,Oak,8,14,-1.285,NA,15
C,Oak,8,14,-2.285,NA,15
C,Oak,8,14,-1.285,NA,15
C,Oak,8,14,-1.285,NA,15
C,Oak,8,14,-2.285,NA,15
C,Oak,8,14,-1.285,NA,15
C,Oak,8,14,-1.285,NA,15
C,Oak,8,14,-1.285,NA,15
C,Oak,8,14,-2.285,NA,15
C,Oak,20,14,-2.285,NA,15
C,Oak,20,14,3.715,NA,15
C,Oak,20,14,-4.285,NA,15
C,Oak,20,14,-0.285,NA,15
C,Oak,20,14,0.715,NA,15
C,Oak,20,14,2.715,NA,15
C,Oak,20,14,-0.285,NA,15
C,Oak,20,14,-3.285,NA,15
C,Oak,20,14,1.715,NA,15
C,Oak,20,14,-3.285,NA,15
C,Alder,20,14,-2.285,NA,15
C,Alder,20,14,-4.285,NA,15
C,Alder,20,14,-3.285,NA,15
C,Alder,20,14,-4.285,NA,15
C,Alder,20,14,-0.285,NA,15
C,Alder,20,14,-4.285,NA,15
C,Alder,20,14,-3.285,NA,15
C,Alder,20,14,-4.285,NA,15
C,Alder,20,14,-4.285,NA,15
C,Alder,8,14,-2.285,NA,15
C,Alder,8,14,-2.285,NA,15
C,Alder,8,14,0.715,NA,15
C,Alder,8,14,-1.285,NA,15
C,Alder,8,14,-5.285,NA,15
C,Alder,8,14,1.715,NA,15
C,Alder,8,14,-4.285,NA,15
C,Alder,8,14,-3.285,NA,15
C,Alder,8,14,-1.285,NA,15
C,Alder,8,14,-5.285,NA,15
C,Alder,20,14,-6.285,NA,15
C,Oak,8,14,-4.285,NA,15
C,Oak,8,14,-6.285,NA,15
C,Oak,8,14,-3.285,NA,15
C,Oak,8,14,-0.285,NA,15
C,Oak,8,14,-0.285,NA,15
C,Oak,8,14,-4.285,NA,15
C,Oak,8,14,-2.285,NA,15
C,Oak,8,14,-4.285,NA,15
C,Oak,8,14,-2.285,NA,15
C,Oak,8,14,-5.285,NA,15
C,Oak,20,14,-2.285,NA,15
C,Oak,20,14,-3.285,NA,15
C,Oak,20,14,-1.285,NA,15
C,Oak,20,14,-4.285,NA,15
C,Oak,20,14,-2.285,NA,15
C,Oak,20,14,-2.285,NA,15
C,Oak,20,14,-4.285,NA,15
C,Oak,20,14,-2.285,NA,15
C,Oak,20,14,-4.285,NA,15
C,Oak,20,14,-2.285,NA,15
C,Sycamore,20,14,-2.285,NA,15
C,Sycamore,20,14,-3.285,NA,15
C,Sycamore,20,14,-8.285,NA,15
C,Sycamore,20,14,-5.285,NA,15
C,Sycamore,20,14,-3.285,NA,15
C,Sycamore,20,14,-8.285,NA,15
C,Sycamore,20,14,-7.285,NA,15
C,Sycamore,8,14,-2.285,NA,15
C,Sycamore,8,14,-2.285,NA,15
C,Sycamore,8,14,-3.285,NA,15
C,Sycamore,20,14,-2.285,NA,15
C,Sycamore,8,14,-1.285,NA,15
C,Sycamore,8,14,-2.285,NA,15
C,Sycamore,8,14,-2.285,NA,15
C,Sycamore,8,14,0.715,NA,15
C,Sycamore,8,14,0.715,NA,15
C,Sycamore,8,14,-1.285,NA,15
C,Sycamore,8,14,-3.285,NA,15
C,Sycamore,20,14,-5.285,NA,15
C,Sycamore,20,14,-4.285,NA,15
C,Sycamore,14,14,2.7,NA,15
C,Alder,14,14,10.9,NA,15
C,Alder,14,14,1.4,NA,15
C,Sycamore,14,14,1.2,NA,15
C,Sycamore,14,14,1.6,NA,15
C,Alder,14,14,1.5,NA,15
C,Alder,14,14,1.3,NA,15
C,Alder,14,14,0.8,NA,15
C,Alder,14,14,1.3,NA,15
C,Alder,14,14,0.9,NA,15
C,Sycamore,14,14,1.9,NA,15
C,Sycamore,14,14,1.3,NA,15
C,Sycamore,14,14,1.2,NA,15
C,Alder,14,14,1.2,NA,15
C,Sycamore,14,14,1,NA,15
C,Sycamore,14,14,1.9,NA,15
C,Alder,14,14,1.4,NA,15
C,Alder,14,14,1.4,NA,15
C,Oak,14,14,0.6,NA,15
C,Oak,14,14,1.5,NA,15
C,Oak,14,14,2.3,NA,15
C,Sycamore,14,14,1.7,NA,15
C,Sycamore,14,14,1.8,NA,15
C,Oak,14,14,1.4,NA,15
C,Oak,14,14,0.3,NA,15
C,Oak,14,14,1.1,NA,15
C,Oak,14,14,2.5,NA,15
C,Oak,14,14,0.9,NA,15
C,Oak,14,14,1,NA,15
C,Oak,14,14,0.7,NA,15
DH,Alder,14,14,18.9,42.1,15
DH,Sycamore,14,14,8.5,34.9,15
DH,Oak,14,14,2.4,51.8,15
DH,Alder,14,14,13.4,31.7,15
DH,Oak,14,14,0.5,71.1,15
DH,Sycamore,14,14,8.1,99.6,15
DH,Oak,14,14,2.4,29,15
DH,Oak,14,14,4.8,39.9,15
DH,Oak,14,14,2,18.1,15
DH,Alder,14,14,10.3,21.5,15
DH,Oak,14,14,2.2,22.3,15
DH,Alder,14,14,11.1,22.7,15
DH,Alder,14,14,20.4,57.7,15
DH,Sycamore,14,14,8.8,35.6,15
DH,Alder,14,14,10.3,25.7,15
DH,Oak,14,14,3.5,25,15
DV,Sycamore,14,14,15.7,71,15
DV,Sycamore,14,14,10.6,53.7,15
DV,Alder,14,14,29.6,43,15
DV,Sycamore,14,14,9.8,33.2,15
DV,Oak,14,14,5.4,50.4,15
DV,Alder,14,14,26.5,60.8,15
DV,Alder,14,14,29.6,47.8,15
DV,Oak,14,14,3.9,33.5,15
DV,Alder,14,14,31,52.7,15
DV,Alder,14,14,27.9,96.5,15
DV,Oak,14,14,4.5,30.9,15
DV,Alder,14,14,21,23.5,15
DV,Oak,14,14,4.6,29.6,15
DV,Oak,14,14,6.2,32.6,15
DV,Oak,14,14,6.2,32.6,15
DV,Sycamore,14,14,5.2,33.7,15
DV,Sycamore,14,14,8,47.9,15
DV,Alder,14,14,19.4,28,15
DV,Sycamore,14,14,6.9,27.7,15
DV,Sycamore,14,14,7.7,63.2,15
DV,Oak,14,14,5.8,63.3,15
DV,Oak,14,14,4,31.6,15
DV,Oak,14,14,5.1,21.5,15
DV,Alder,14,14,30.6,60.7,15
DV,Sycamore,14,14,15,41.4,15
DV,Sycamore,14,14,5.5,23.1,15
GP,Oak,14,14,6,20.6,15
GP,Oak,14,14,6,20.6,15
GP,Oak,14,14,6,20.6,15
GP,Oak,14,14,6,20.6,15
GP,Oak,14,14,7.6,34.2,15
GP,Oak,14,14,6.9,28.8,15
GP,Sycamore,14,14,13.5,31.6,15
GP,Oak,14,14,6.3,24.5,15
GP,Oak,14,14,7.4,29.7,15
GP,Oak,14,14,6.8,37.8,15
GP,Alder,14,14,6.8,30,15
GP,Sycamore,14,14,21.6,38.5,15
GP,Oak,14,14,6.4,28,15
GP,Sycamore,14,14,8.5,28,15
GP,Sycamore,14,14,17.7,30.3,15
GP,Alder,14,14,8.9,27.7,15
GP,Sycamore,14,14,7.5,47.2,15
GP,Alder,14,14,20,38.9,15
GP,Alder,14,14,18.9,37.3,15
GP,Sycamore,14,14,9.2,27.4,15
GP,Alder,14,14,12.3,23.1,15
GP,Alder,14,14,17.9,47,15
GP,Alder,14,14,12.5,31.4,15
GP,Sycamore,14,14,9.9,44.2,15
GP,Sycamore,14,14,11.4,28.9,15
GP,Oak,14,14,8.9,38.5,15
GP,Oak,14,14,6.6,39.2,15
GP,Alder,14,14,19.8,45,15
GP,Sycamore,14,14,4.5,36,15
GP,Alder,14,14,9.8,48.4,15
GP,Alder,14,14,17.3,31.4,15
C,Oak,14,14,0.7,NA,15
C,Oak,14,14,-0.1,NA,15
C,Oak,14,14,2.4,NA,15
C,Oak,14,14,1.7,NA,15
C,Oak,14,14,0.8,NA,15
C,Oak,14,14,1.6,NA,15
C,Oak,14,14,0.9,NA,15
C,Oak,14,14,1.7,NA,15
C,Oak,14,14,1.8,NA,15
C,Oak,14,14,2.4,NA,15
C,Oak,14,14,1.5,NA,15
C,Oak,14,14,1.4,NA,15
C,Sycamore,14,14,1.8,NA,15
C,Sycamore,14,14,1.8,NA,15
C,Sycamore,14,14,1,NA,15
C,Sycamore,14,14,2.4,NA,15
C,Sycamore,14,14,-7.6,NA,15
C,Sycamore,14,14,2.2,NA,15
C,Sycamore,14,14,2.2,NA,15
C,Sycamore,14,14,3.2,NA,15
C,Sycamore,14,14,1.8,NA,15
C,Oak,14,14,1.3,NA,15
C,Sycamore,14,14,1.8,NA,15
C,Sycamore,14,14,2.3,NA,15
C,Sycamore,14,14,1.8,NA,15
C,Sycamore,14,14,2.1,NA,15
C,Sycamore,14,14,1.4,NA,15
C,Sycamore,14,14,2.3,NA,15
C,Sycamore,14,14,1.5,NA,15
C,Sycamore,14,14,2.4,NA,15
C,Sycamore,14,14,1.2,NA,15
C,Sycamore,14,14,2.3,NA,15
C,Oak,14,14,2.1,NA,15
C,Sycamore,14,14,2.4,NA,15
C,Alder,14,14,1.8,NA,15
C,Alder,14,14,2.1,NA,15
C,Alder,14,14,1.5,NA,15
C,Alder,14,14,4.2,NA,15
C,Alder,14,14,2.4,NA,15
C,Alder,14,14,2.2,NA,15
C,Alder,14,14,3.3,NA,15
C,Alder,14,14,1.7,NA,15
C,Alder,14,14,2.4,NA,15
C,Oak,14,14,2.7,NA,15
C,Alder,14,14,2.4,NA,15
C,Alder,14,14,2.1,NA,15
C,Alder,14,14,1.8,NA,15
C,Alder,14,14,2.3,NA,15
C,Alder,14,14,1.6,NA,15
C,Alder,14,14,1.1,NA,15
C,Alder,14,14,3.7,NA,15
C,Alder,14,14,1.3,NA,15
C,Alder,14,14,2,NA,15
C,Oak,14,14,0.9,NA,15
C,Alder,14,14,0.9,NA,15
C,Oak,14,14,1.2,NA,15
C,Oak,14,14,1.3,NA,15
C,Oak,14,14,1,NA,15
DH,Sycamore,14,14,13.5,44.1,15
DH,Sycamore,14,14,10.6,38.5,15
DH,Sycamore,14,14,10.8,32.4,15
DH,Sycamore,14,2,1.1,44.3,3
DH,Sycamore,14,14,10.8,42,15
DH,Sycamore,14,10,11.7,38,11
DH,Sycamore,14,14,10.2,57,15
DH,Sycamore,14,14,3.1,48,15
DH,Sycamore,14,14,10.8,37.4,15
DH,Sycamore,14,14,13.6,62.3,15
DH,Sycamore,14,14,14,73.7,15
DH,Alder,14,14,5.6,49.6,15
DH,Alder,14,14,23.4,51.5,15
DH,Alder,14,14,3.6,37.1,15
DH,Alder,14,14,2.1,33.6,15
DH,Alder,14,4,1.4,39.1,5
DH,Alder,14,14,17.2,58.9,15
DH,Alder,14,14,4.1,41.3,15
DH,Sycamore,14,1,0.9,63.7,2
DH,Alder,14,14,11.5,75.5,15
DH,Alder,14,14,12.2,55.1,15
DH,Alder,14,14,13,49,15
DH,Alder,14,8,5.9,35.5,9
DH,Alder,14,6,1.2,14.1,7
DH,Alder,14,14,25.2,75.9,15
DH,Alder,14,14,20.9,61.5,15
DH,Sycamore,14,14,11.4,32.2,15
DH,Alder,14,10,3.2,43.4,11
DH,Oak,14,14,2.7,39.7,15
DH,Oak,14,0,-0.5,27,1
DH,Oak,14,14,1.3,41.1,15
DH,Oak,14,14,3.6,51.6,15
DH,Oak,14,0,-0.2,46.5,1
DH,Oak,14,14,1.6,54.6,15
DH,Oak,14,10,2.4,52.5,11
DH,Sycamore,14,14,5.5,30.5,15
DH,Oak,14,14,4.5,53.2,15
DH,Oak,14,14,3,50.5,15
DH,Oak,14,14,2.2,62.8,15
DH,Oak,14,14,1.1,21.4,15
DH,Oak,14,4,0.5,63.1,5
DH,Oak,14,10,3.4,75.9,11
DH,Oak,14,10,3.4,75.9,11
DH,Oak,14,0,-0.1,24.3,1
DH,Oak,14,14,4.8,62.1,15
DH,Oak,14,2,1.3,49,3
DH,Sycamore,14,14,6.9,21,15
DH,Oak,14,14,1.4,32.1,15
DH,Sycamore,14,14,13,54.7,15
DH,Oak,14,1,1,41.5,2
DH,Alder,14,14,29.9,84.8,15
DH,Alder,14,14,29.9,84.8,15
DH,Alder,14,2,1.2,66.8,3
DH,Oak,14,10,2.3,30.5,11
DH,Alder,14,14,9.3,63.2,15
DH,Sycamore,14,14,11.9,56.4,15
DH,Alder,14,14,3.3,NA,15
DH,Sycamore,14,4,3.3,23.5,5
DH,Sycamore,14,14,12.4,27.1,15
DV,Oak,14,7,4.3,91,8
DV,Oak,14,5,2,52.6,6
DV,Oak,14,14,8.1,60.4,15
DV,Oak,14,10,4.1,77.2,11
DV,Oak,14,5,2.2,81.1,6
DV,Oak,14,4,0.9,61.4,5
DV,Oak,14,14,6.7,63.2,15
DV,Oak,14,1,1.7,101.3,2
DV,Oak,14,14,9.3,144.9,15
DV,Oak,14,14,13.4,103.3,15
DV,Oak,14,0,1.5,75.4,1
DV,Oak,14,4,4.7,116,5
DV,Oak,14,12,2.2,57.5,13
DV,Alder,14,0,0,58.9,1
DV,Alder,14,14,34,88.5,15
DV,Alder,14,14,25.7,38.6,15
DV,Alder,14,14,29.3,89.4,15
DV,Alder,14,0,0.8,99.2,1
DV,Alder,14,1,3,87.6,2
DV,Alder,14,14,31,101,15
DV,Oak,14,7,2.5,79.8,8
DV,Alder,14,14,30.7,75.8,15
DV,Alder,14,14,36.7,100.3,15
DV,Alder,14,14,26.6,136.9,15
DV,Alder,14,14,34.1,91.4,15
DV,Alder,14,14,29.7,64.4,15
DV,Alder,14,14,30.2,58.9,15
DV,Alder,14,14,27.3,74.5,15
DV,Alder,14,14,39.9,74.2,15
DV,Alder,14,14,28.7,82.7,15
DV,Alder,14,14,35.8,68.3,15
DV,Alder,14,14,26,74.4,15
DV,Sycamore,14,14,10.5,83.7,15
DV,Sycamore,14,14,10.9,114.9,15
DV,Sycamore,14,0,-0.2,96,1
DV,Sycamore,14,14,14.6,46.3,15
DV,Sycamore,14,14,18.6,158,15
DV,Sycamore,14,0,1.8,40.2,1
DV,Sycamore,14,0,-0.3,74.8,1
DV,Sycamore,14,14,11.1,127.2,15
DV,Oak,14,14,8.4,60.4,15
DV,Sycamore,14,2,4,59.2,3
DV,Sycamore,14,14,14.4,107,15
DV,Sycamore,14,14,13.5,114.7,15
DV,Sycamore,14,2,12.7,102.4,3
DV,Sycamore,14,14,14.5,80.1,15
DV,Sycamore,14,14,12.8,72.5,15
DV,Sycamore,14,4,5.9,129.8,5
DV,Sycamore,14,14,11.2,108.1,15
DV,Sycamore,14,5,4.9,58.8,6
DV,Sycamore,14,14,13.6,77.6,15
DV,Sycamore,14,14,11.8,109.2,15
DV,Alder,14,14,25.2,88.1,15
DV,Oak,14,10,3.3,50.3,11
DV,Oak,14,10,5.5,67.6,11
DV,Oak,14,2,1.4,61,3
DV,Oak,14,2,1.2,91.5,3
GP,Alder,14,14,15.7,38.3,15
GP,Alder,14,14,17.4,38.3,15
GP,Alder,14,14,27,56.6,15
GP,Alder,14,0,0.9,47,1
GP,Alder,14,3,2,37.3,4
GP,Alder,14,14,23.4,37.4,15
GP,Alder,14,14,13,40.3,15
GP,Alder,14,14,16.5,40.2,15
GP,Alder,14,14,21.9,45.3,15
GP,Alder,14,14,28.7,56.7,15
GP,Alder,14,14,13.6,30.2,15
GP,Alder,14,14,19.5,52.6,15
GP,Sycamore,14,14,0.8,39.9,15
GP,Sycamore,14,11,5.4,45.8,12
GP,Sycamore,14,14,14.4,40.7,15
GP,Sycamore,14,14,13.2,41.6,15
GP,Sycamore,14,14,4.5,36.4,15
GP,Sycamore,14,14,11.4,32.9,15
GP,Sycamore,14,14,12,40.8,15
GP,Sycamore,14,14,29.2,46.1,15
GP,Alder,14,14,16.2,50.4,15
GP,Sycamore,14,1,1.4,44.4,2
GP,Sycamore,14,0,0.6,39.7,1
GP,Sycamore,14,14,17.7,40.1,15
GP,Sycamore,14,14,11.1,39.2,15
GP,Sycamore,14,14,17,34,15
GP,Sycamore,14,7,2.7,37.7,8
GP,Sycamore,14,14,12.8,42.7,15
GP,Sycamore,14,14,13.1,52.8,15
GP,Sycamore,14,7,5,34.9,8
GP,Sycamore,14,0,1.5,35.5,1
GP,Alder,14,14,15.9,44.4,15
GP,Sycamore,14,14,15.7,38.2,15
GP,Oak,14,14,8.4,27.6,15
GP,Oak,14,14,8.3,33,15
GP,Oak,14,2,1.9,37.1,3
GP,Oak,14,14,7.3,32.7,15
GP,Oak,14,1,1.1,45.2,2
GP,Oak,14,0,2.7,24.2,1
GP,Oak,14,14,7.3,47.3,15
GP,Oak,14,14,9,39.8,15
GP,Alder,14,0,0.5,45.4,1
GP,Oak,14,14,11.1,33.5,15
GP,Oak,14,14,5.9,40.5,15
GP,Oak,14,2,1.9,41.5,3
GP,Oak,14,2,1.8,40.5,3
GP,Oak,14,14,5.9,35.7,15
GP,Oak,14,2,2.2,46.1,3
GP,Oak,14,14,13,32,15
GP,Oak,14,10,3.3,36.7,11
GP,Oak,14,14,11.6,37.7,15
GP,Oak,14,14,6.7,38.1,15
GP,Alder,14,14,29.1,46.5,15
GP,Oak,14,0,1.3,36.4,1
GP,Alder,14,14,22.4,26.4,15
GP,Sycamore,14,14,13.8,34,15
GP,Oak,14,14,14.1,49.2,15
GP,Alder,14,14,29,54,15
GP,Alder,14,14,15.9,33.2,15
GP,Alder,14,14,23.1,42.7,15
